battery,dataset,k,method
fcps,atom,2,Genie_G0.1
fcps,atom,2,mst_divisive_GDunn_d1_D1
fcps,atom,2,mst_divisive_GDunn_d1_D2
fcps,atom,2,mst_divisive_GDunn_d1_D3
fcps,atom,2,mst_divisive_WCNN_25
fcps,atom,2,mst_divisive_DuNN_25_Min_Max
fcps,atom,2,mst_divisive_DuNN_25_Mean_Mean
fcps,atom,2,Genie_G0.3
fcps,atom,2,mst_divisive_DuNN_25_Max_Min
fcps,atom,2,sklearn_spectral_Alaplacian_G5
fcps,atom,2,WCNN_25
fcps,atom,2,DuNN_25_Max_Min
fcps,atom,2,DuNN_25_Mean_Mean
fcps,atom,2,DuNN_25_Min_Max
fcps,atom,2,ITM
fcps,atom,2,FCPS_MinEnergy
fcps,atom,2,FCPS_HDBSCAN_4
fcps,atom,2,FCPS_HDBSCAN_2
fcps,atom,2,FCPS_HDBSCAN_8
fcps,atom,2,FCPS_Fanny
fcps,atom,2,GIc
fcps,atom,2,GDunn_d1_D3
fcps,atom,2,GDunn_d1_D2
fcps,atom,2,GDunn_d1_D1
fcps,atom,2,Genie_G0.7
fcps,atom,2,Genie_G1.0
fcps,atom,2,Genie_G0.5
fcps,atom,2,IcA
fcps,atom,2,HEMST
fcps,atom,2,fastcluster_weighted
fcps,atom,2,mst_divisive_GDunn_d2_D1
fcps,atom,2,CalinskiHarabasz
fcps,atom,2,CTCEHC
fcps,atom,2,FCPS_Softcl
fcps,atom,2,sklearn_kmeans
fcps,atom,2,FCPS_Hardcl
fcps,atom,2,FCPS_Diana
fcps,atom,2,Silhouette
fcps,atom,2,mst_divisive_Silhouette
fcps,atom,2,mst_divisive_CalinskiHarabasz
fcps,atom,2,FCPS_Clara
fcps,atom,2,fastcluster_ward
fcps,atom,2,sklearn_birch_T0.01_BF50
fcps,atom,2,fastcluster_average
fcps,atom,2,mst_divisive_GDunn_d3_D1
fcps,atom,2,FCPS_PAM
fcps,atom,2,GDunn_d3_D2
fcps,atom,2,GDunn_d3_D1
fcps,atom,2,GDunn_d2_D2
fcps,atom,2,mst_divisive_GDunn_d4_D2
fcps,atom,2,fastcluster_complete
fcps,atom,2,mst_divisive_GDunn_d3_D2
fcps,atom,2,mst_divisive_GDunn_d5_D2
fcps,atom,2,mst_divisive_GDunn_d2_D2
fcps,atom,2,GDunn_d2_D3
fcps,atom,2,GDunn_d4_D2
fcps,atom,2,GDunn_d3_D3
fcps,atom,2,FCPS_AdaptiveDensityPeak
fcps,atom,2,mst_divisive_GDunn_d2_D3
fcps,atom,2,mst_divisive_GDunn_d3_D3
fcps,atom,2,GDunn_d4_D3
fcps,atom,2,fastcluster_median
fcps,atom,2,sklearn_gm
fcps,atom,2,FCPS_Minimax
fcps,atom,2,BallHall
fcps,atom,2,fastcluster_centroid
fcps,atom,2,GDunn_d5_D1
fcps,atom,2,GDunn_d2_D1
fcps,atom,2,GDunn_d5_D2
fcps,atom,2,mst_divisive_BallHall
fcps,atom,2,mst_divisive_GDunn_d4_D3
fcps,atom,2,GDunn_d5_D3
fcps,atom,2,SilhouetteW
fcps,atom,2,mst_divisive_GDunn_d4_D1
fcps,atom,2,mst_divisive_DaviesBouldin
fcps,atom,2,mst_divisive_SilhouetteW
fcps,atom,2,DaviesBouldin
fcps,atom,2,mst_divisive_GDunn_d5_D3
fcps,atom,2,GDunn_d4_D1
fcps,atom,2,mst_divisive_GDunn_d5_D1
fcps,chainlink,2,Genie_G0.1
fcps,chainlink,2,WCNN_25
fcps,chainlink,2,mst_divisive_GDunn_d1_D1
fcps,chainlink,2,mst_divisive_GDunn_d1_D2
fcps,chainlink,2,mst_divisive_GDunn_d1_D3
fcps,chainlink,2,mst_divisive_GDunn_d5_D1
fcps,chainlink,2,mst_divisive_GDunn_d5_D2
fcps,chainlink,2,mst_divisive_GDunn_d5_D3
fcps,chainlink,2,mst_divisive_WCNN_25
fcps,chainlink,2,mst_divisive_DuNN_25_Min_Max
fcps,chainlink,2,mst_divisive_DuNN_25_Mean_Mean
fcps,chainlink,2,Genie_G0.3
fcps,chainlink,2,mst_divisive_DuNN_25_Max_Min
fcps,chainlink,2,GDunn_d5_D2
fcps,chainlink,2,sklearn_spectral_Alaplacian_G5
fcps,chainlink,2,DuNN_25_Max_Min
fcps,chainlink,2,DuNN_25_Mean_Mean
fcps,chainlink,2,Genie_G0.7
fcps,chainlink,2,FCPS_HDBSCAN_4
fcps,chainlink,2,FCPS_HDBSCAN_2
fcps,chainlink,2,FCPS_HDBSCAN_8
fcps,chainlink,2,ITM
fcps,chainlink,2,GIc
fcps,chainlink,2,Genie_G1.0
fcps,chainlink,2,DuNN_25_Min_Max
fcps,chainlink,2,GDunn_d1_D1
fcps,chainlink,2,GDunn_d1_D2
fcps,chainlink,2,GDunn_d1_D3
fcps,chainlink,2,Genie_G0.5
fcps,chainlink,2,IcA
fcps,chainlink,2,mst_divisive_GDunn_d2_D1
fcps,chainlink,2,sklearn_gm
fcps,chainlink,2,CTCEHC
fcps,chainlink,2,mst_divisive_GDunn_d2_D2
fcps,chainlink,2,GDunn_d5_D1
fcps,chainlink,2,mst_divisive_GDunn_d3_D3
fcps,chainlink,2,mst_divisive_GDunn_d3_D2
fcps,chainlink,2,mst_divisive_GDunn_d2_D3
fcps,chainlink,2,mst_divisive_GDunn_d3_D1
fcps,chainlink,2,mst_divisive_GDunn_d4_D1
fcps,chainlink,2,mst_divisive_CalinskiHarabasz
fcps,chainlink,2,fastcluster_centroid
fcps,chainlink,2,fastcluster_weighted
fcps,chainlink,2,FCPS_MinEnergy
fcps,chainlink,2,fastcluster_median
fcps,chainlink,2,fastcluster_complete
fcps,chainlink,2,HEMST
fcps,chainlink,2,sklearn_birch_T0.01_BF50
fcps,chainlink,2,fastcluster_ward
fcps,chainlink,2,fastcluster_average
fcps,chainlink,2,GDunn_d4_D1
fcps,chainlink,2,GDunn_d3_D1
fcps,chainlink,2,FCPS_Minimax
fcps,chainlink,2,GDunn_d5_D3
fcps,chainlink,2,Silhouette
fcps,chainlink,2,FCPS_Fanny
fcps,chainlink,2,FCPS_Hardcl
fcps,chainlink,2,FCPS_Diana
fcps,chainlink,2,FCPS_Softcl
fcps,chainlink,2,sklearn_kmeans
fcps,chainlink,2,CalinskiHarabasz
fcps,chainlink,2,GDunn_d3_D2
fcps,chainlink,2,GDunn_d2_D2
fcps,chainlink,2,mst_divisive_Silhouette
fcps,chainlink,2,FCPS_Clara
fcps,chainlink,2,FCPS_PAM
fcps,chainlink,2,GDunn_d3_D3
fcps,chainlink,2,GDunn_d4_D2
fcps,chainlink,2,GDunn_d4_D3
fcps,chainlink,2,GDunn_d2_D3
fcps,chainlink,2,GDunn_d2_D1
fcps,chainlink,2,mst_divisive_GDunn_d4_D3
fcps,chainlink,2,mst_divisive_GDunn_d4_D2
fcps,chainlink,2,mst_divisive_BallHall
fcps,chainlink,2,BallHall
fcps,chainlink,2,FCPS_AdaptiveDensityPeak
fcps,chainlink,2,DaviesBouldin
fcps,chainlink,2,mst_divisive_SilhouetteW
fcps,chainlink,2,mst_divisive_DaviesBouldin
fcps,chainlink,2,SilhouetteW
fcps,engytime,2,sklearn_gm
fcps,engytime,2,sklearn_spectral_Alaplacian_G5
fcps,engytime,2,sklearn_birch_T0.01_BF50
fcps,engytime,2,FCPS_Diana
fcps,engytime,2,FCPS_Softcl
fcps,engytime,2,FCPS_AdaptiveDensityPeak
fcps,engytime,2,FCPS_Fanny
fcps,engytime,2,FCPS_PAM
fcps,engytime,2,FCPS_Hardcl
fcps,engytime,2,sklearn_kmeans
fcps,engytime,2,CalinskiHarabasz
fcps,engytime,2,FCPS_Clara
fcps,engytime,2,Genie_G0.3
fcps,engytime,2,Genie_G0.1
fcps,engytime,2,GIc
fcps,engytime,2,Genie_G0.5
fcps,engytime,2,ITM
fcps,engytime,2,mst_divisive_CalinskiHarabasz
fcps,engytime,2,FCPS_MinEnergy
fcps,engytime,2,GDunn_d5_D3
fcps,engytime,2,fastcluster_ward
fcps,engytime,2,GDunn_d2_D3
fcps,engytime,2,GDunn_d2_D2
fcps,engytime,2,CTCEHC
fcps,engytime,2,IcA
fcps,engytime,2,DuNN_25_Max_Min
fcps,engytime,2,mst_divisive_GDunn_d2_D2
fcps,engytime,2,mst_divisive_GDunn_d2_D3
fcps,engytime,2,fastcluster_average
fcps,engytime,2,fastcluster_complete
fcps,engytime,2,fastcluster_weighted
fcps,engytime,2,fastcluster_centroid
fcps,engytime,2,FCPS_Minimax
fcps,engytime,2,mst_divisive_GDunn_d2_D1
fcps,engytime,2,Genie_G0.7
fcps,engytime,2,GDunn_d5_D1
fcps,engytime,2,GDunn_d2_D1
fcps,engytime,2,fastcluster_median
fcps,engytime,2,mst_divisive_DuNN_25_Min_Max
fcps,engytime,2,mst_divisive_WCNN_25
fcps,engytime,2,GDunn_d5_D2
fcps,engytime,2,HEMST
fcps,engytime,2,mst_divisive_GDunn_d5_D1
fcps,engytime,2,mst_divisive_DuNN_25_Mean_Mean
fcps,engytime,2,mst_divisive_DuNN_25_Max_Min
fcps,engytime,2,WCNN_25
fcps,engytime,2,DuNN_25_Min_Max
fcps,engytime,2,BallHall
fcps,engytime,2,DuNN_25_Mean_Mean
fcps,engytime,2,mst_divisive_BallHall
fcps,engytime,2,mst_divisive_SilhouetteW
fcps,engytime,2,FCPS_HDBSCAN_2
fcps,engytime,2,GDunn_d1_D2
fcps,engytime,2,GDunn_d1_D1
fcps,engytime,2,mst_divisive_GDunn_d1_D1
fcps,engytime,2,mst_divisive_GDunn_d1_D2
fcps,engytime,2,Genie_G1.0
fcps,engytime,2,mst_divisive_GDunn_d1_D3
fcps,engytime,2,GDunn_d1_D3
fcps,engytime,2,DaviesBouldin
fcps,engytime,2,mst_divisive_DaviesBouldin
fcps,engytime,2,SilhouetteW
fcps,engytime,2,FCPS_HDBSCAN_4
fcps,engytime,2,FCPS_HDBSCAN_8
fcps,engytime,2,GDunn_d3_D1
fcps,engytime,2,GDunn_d3_D2
fcps,engytime,2,mst_divisive_GDunn_d3_D3
fcps,engytime,2,mst_divisive_GDunn_d3_D2
fcps,engytime,2,mst_divisive_GDunn_d3_D1
fcps,engytime,2,mst_divisive_GDunn_d4_D3
fcps,engytime,2,mst_divisive_GDunn_d5_D2
fcps,engytime,2,mst_divisive_GDunn_d5_D3
fcps,engytime,2,mst_divisive_GDunn_d4_D1
fcps,engytime,2,mst_divisive_Silhouette
fcps,engytime,2,GDunn_d4_D1
fcps,engytime,2,GDunn_d3_D3
fcps,engytime,2,Silhouette
fcps,engytime,2,GDunn_d4_D3
fcps,engytime,2,GDunn_d4_D2
fcps,engytime,2,mst_divisive_GDunn_d4_D2
fcps,hepta,7,Genie_G0.1
fcps,hepta,7,mst_divisive_GDunn_d1_D2
fcps,hepta,7,sklearn_gm
fcps,hepta,7,mst_divisive_WCNN_25
fcps,hepta,7,mst_divisive_GDunn_d1_D3
fcps,hepta,7,mst_divisive_GDunn_d1_D1
fcps,hepta,7,GDunn_d1_D2
fcps,hepta,7,sklearn_kmeans
fcps,hepta,7,GDunn_d3_D1
fcps,hepta,7,GDunn_d4_D1
fcps,hepta,7,Silhouette
fcps,hepta,7,WCNN_25
fcps,hepta,7,Genie_G0.3
fcps,hepta,7,mst_divisive_DuNN_25_Min_Max
fcps,hepta,7,mst_divisive_DuNN_25_Mean_Mean
fcps,hepta,7,mst_divisive_DuNN_25_Max_Min
fcps,hepta,7,GDunn_d1_D3
fcps,hepta,7,GDunn_d2_D1
fcps,hepta,7,GDunn_d1_D1
fcps,hepta,7,FCPS_MinEnergy
fcps,hepta,7,fastcluster_centroid
fcps,hepta,7,fastcluster_complete
fcps,hepta,7,fastcluster_median
fcps,hepta,7,fastcluster_ward
fcps,hepta,7,fastcluster_weighted
fcps,hepta,7,FCPS_AdaptiveDensityPeak
fcps,hepta,7,FCPS_Minimax
fcps,hepta,7,FCPS_HDBSCAN_4
fcps,hepta,7,FCPS_HDBSCAN_2
fcps,hepta,7,FCPS_HDBSCAN_8
fcps,hepta,7,sklearn_spectral_Alaplacian_G5
fcps,hepta,7,FCPS_Fanny
fcps,hepta,7,FCPS_Softcl
fcps,hepta,7,FCPS_Clara
fcps,hepta,7,fastcluster_average
fcps,hepta,7,HEMST
fcps,hepta,7,Genie_G0.5
fcps,hepta,7,Genie_G0.7
fcps,hepta,7,Genie_G1.0
fcps,hepta,7,GIc
fcps,hepta,7,FCPS_PAM
fcps,hepta,7,CTCEHC
fcps,hepta,7,DuNN_25_Min_Max
fcps,hepta,7,BallHall
fcps,hepta,7,DuNN_25_Mean_Mean
fcps,hepta,7,DuNN_25_Max_Min
fcps,hepta,7,CalinskiHarabasz
fcps,hepta,7,DaviesBouldin
fcps,hepta,7,sklearn_birch_T0.01_BF50
fcps,hepta,7,GDunn_d3_D2
fcps,hepta,7,GDunn_d2_D2
fcps,hepta,7,GDunn_d4_D2
fcps,hepta,7,mst_divisive_BallHall
fcps,hepta,7,GDunn_d2_D3
fcps,hepta,7,mst_divisive_CalinskiHarabasz
fcps,hepta,7,ITM
fcps,hepta,7,mst_divisive_Silhouette
fcps,hepta,7,IcA
fcps,hepta,7,GDunn_d4_D3
fcps,hepta,7,GDunn_d3_D3
fcps,hepta,7,mst_divisive_GDunn_d3_D1
fcps,hepta,7,mst_divisive_GDunn_d3_D2
fcps,hepta,7,mst_divisive_GDunn_d3_D3
fcps,hepta,7,mst_divisive_GDunn_d5_D2
fcps,hepta,7,mst_divisive_GDunn_d5_D3
fcps,hepta,7,mst_divisive_GDunn_d5_D1
fcps,hepta,7,FCPS_Diana
fcps,hepta,7,mst_divisive_GDunn_d2_D3
fcps,hepta,7,mst_divisive_GDunn_d2_D1
fcps,hepta,7,mst_divisive_GDunn_d2_D2
fcps,hepta,7,FCPS_Hardcl
fcps,hepta,7,GDunn_d5_D2
fcps,hepta,7,SilhouetteW
fcps,hepta,7,GDunn_d5_D1
fcps,hepta,7,mst_divisive_GDunn_d4_D1
fcps,hepta,7,mst_divisive_GDunn_d4_D2
fcps,hepta,7,mst_divisive_GDunn_d4_D3
fcps,hepta,7,GDunn_d5_D3
fcps,hepta,7,mst_divisive_SilhouetteW
fcps,hepta,7,mst_divisive_DaviesBouldin
fcps,lsun,3,Genie_G0.1
fcps,lsun,3,Genie_G0.3
fcps,lsun,3,mst_divisive_DuNN_25_Min_Max
fcps,lsun,3,mst_divisive_WCNN_25
fcps,lsun,3,mst_divisive_GDunn_d1_D3
fcps,lsun,3,mst_divisive_GDunn_d1_D2
fcps,lsun,3,mst_divisive_GDunn_d1_D1
fcps,lsun,3,WCNN_25
fcps,lsun,3,GDunn_d1_D3
fcps,lsun,3,GDunn_d1_D2
fcps,lsun,3,GDunn_d1_D1
fcps,lsun,3,sklearn_gm
fcps,lsun,3,mst_divisive_DuNN_25_Mean_Mean
fcps,lsun,3,Genie_G0.5
fcps,lsun,3,GIc
fcps,lsun,3,FCPS_HDBSCAN_2
fcps,lsun,3,ITM
fcps,lsun,3,Genie_G1.0
fcps,lsun,3,Genie_G0.7
fcps,lsun,3,DuNN_25_Min_Max
fcps,lsun,3,DuNN_25_Mean_Mean
fcps,lsun,3,mst_divisive_GDunn_d2_D1
fcps,lsun,3,mst_divisive_CalinskiHarabasz
fcps,lsun,3,mst_divisive_Silhouette
fcps,lsun,3,FCPS_Diana
fcps,lsun,3,DaviesBouldin
fcps,lsun,3,sklearn_spectral_Alaplacian_G5
fcps,lsun,3,GDunn_d4_D3
fcps,lsun,3,mst_divisive_GDunn_d2_D3
fcps,lsun,3,mst_divisive_GDunn_d2_D2
fcps,lsun,3,GDunn_d3_D3
fcps,lsun,3,GDunn_d2_D3
fcps,lsun,3,GDunn_d3_D2
fcps,lsun,3,GDunn_d4_D2
fcps,lsun,3,GDunn_d2_D2
fcps,lsun,3,FCPS_PAM
fcps,lsun,3,FCPS_Clara
fcps,lsun,3,BallHall
fcps,lsun,3,mst_divisive_BallHall
fcps,lsun,3,FCPS_Fanny
fcps,lsun,3,CTCEHC
fcps,lsun,3,mst_divisive_GDunn_d3_D3
fcps,lsun,3,mst_divisive_GDunn_d3_D2
fcps,lsun,3,mst_divisive_GDunn_d4_D3
fcps,lsun,3,mst_divisive_GDunn_d4_D2
fcps,lsun,3,mst_divisive_GDunn_d4_D1
fcps,lsun,3,mst_divisive_GDunn_d3_D1
fcps,lsun,3,FCPS_AdaptiveDensityPeak
fcps,lsun,3,sklearn_kmeans
fcps,lsun,3,CalinskiHarabasz
fcps,lsun,3,Silhouette
fcps,lsun,3,FCPS_Softcl
fcps,lsun,3,fastcluster_complete
fcps,lsun,3,sklearn_birch_T0.01_BF50
fcps,lsun,3,GDunn_d3_D1
fcps,lsun,3,GDunn_d2_D1
fcps,lsun,3,fastcluster_ward
fcps,lsun,3,GDunn_d4_D1
fcps,lsun,3,FCPS_MinEnergy
fcps,lsun,3,fastcluster_average
fcps,lsun,3,fastcluster_centroid
fcps,lsun,3,FCPS_Minimax
fcps,lsun,3,fastcluster_median
fcps,lsun,3,fastcluster_weighted
fcps,lsun,3,mst_divisive_GDunn_d5_D3
fcps,lsun,3,mst_divisive_GDunn_d5_D1
fcps,lsun,3,FCPS_HDBSCAN_8
fcps,lsun,3,HEMST
fcps,lsun,3,FCPS_HDBSCAN_4
fcps,lsun,3,mst_divisive_GDunn_d5_D2
fcps,lsun,3,FCPS_Hardcl
fcps,lsun,3,mst_divisive_DuNN_25_Max_Min
fcps,lsun,3,GDunn_d5_D2
fcps,lsun,3,GDunn_d5_D1
fcps,lsun,3,IcA
fcps,lsun,3,DuNN_25_Max_Min
fcps,lsun,3,SilhouetteW
fcps,lsun,3,GDunn_d5_D3
fcps,lsun,3,mst_divisive_DaviesBouldin
fcps,lsun,3,mst_divisive_SilhouetteW
fcps,target,2,Genie_G0.1
fcps,target,6,Genie_G0.1
fcps,target,2,WCNN_25
fcps,target,6,WCNN_25
fcps,target,2,mst_divisive_GDunn_d1_D1
fcps,target,6,mst_divisive_GDunn_d1_D1
fcps,target,2,mst_divisive_GDunn_d1_D2
fcps,target,6,mst_divisive_GDunn_d1_D2
fcps,target,2,mst_divisive_GDunn_d1_D3
fcps,target,6,mst_divisive_GDunn_d1_D3
fcps,target,2,mst_divisive_WCNN_25
fcps,target,6,mst_divisive_WCNN_25
fcps,target,2,mst_divisive_DuNN_25_Min_Max
fcps,target,6,mst_divisive_DuNN_25_Min_Max
fcps,target,2,mst_divisive_DuNN_25_Mean_Mean
fcps,target,6,mst_divisive_DuNN_25_Mean_Mean
fcps,target,2,Genie_G0.3
fcps,target,6,Genie_G0.3
fcps,target,2,mst_divisive_DuNN_25_Max_Min
fcps,target,6,mst_divisive_DuNN_25_Max_Min
fcps,target,2,GDunn_d1_D2
fcps,target,6,GDunn_d1_D2
fcps,target,2,sklearn_spectral_Alaplacian_G5
fcps,target,6,sklearn_spectral_Alaplacian_G5
fcps,target,2,GDunn_d1_D3
fcps,target,6,GDunn_d1_D3
fcps,target,2,GDunn_d1_D1
fcps,target,6,GDunn_d1_D1
fcps,target,2,DuNN_25_Min_Max
fcps,target,6,DuNN_25_Min_Max
fcps,target,2,DuNN_25_Mean_Mean
fcps,target,6,DuNN_25_Mean_Mean
fcps,target,2,DuNN_25_Max_Min
fcps,target,6,DuNN_25_Max_Min
fcps,target,2,HEMST
fcps,target,6,HEMST
fcps,target,2,Genie_G0.5
fcps,target,6,Genie_G0.5
fcps,target,2,Genie_G0.7
fcps,target,6,Genie_G0.7
fcps,target,2,FCPS_HDBSCAN_2
fcps,target,6,FCPS_HDBSCAN_2
fcps,target,2,ITM
fcps,target,6,ITM
fcps,target,2,GIc
fcps,target,6,GIc
fcps,target,2,Genie_G1.0
fcps,target,6,Genie_G1.0
fcps,target,2,IcA
fcps,target,6,IcA
fcps,target,2,FCPS_Fanny
fcps,target,2,fastcluster_weighted
fcps,target,6,fastcluster_weighted
fcps,target,2,FCPS_Diana
fcps,target,6,FCPS_Diana
fcps,target,2,fastcluster_complete
fcps,target,6,fastcluster_complete
fcps,target,2,fastcluster_median
fcps,target,6,fastcluster_median
fcps,target,2,GDunn_d4_D1
fcps,target,6,GDunn_d4_D1
fcps,target,2,GDunn_d3_D1
fcps,target,6,GDunn_d3_D1
fcps,target,2,fastcluster_average
fcps,target,6,fastcluster_average
fcps,target,2,FCPS_Hardcl
fcps,target,6,FCPS_Hardcl
fcps,target,2,mst_divisive_GDunn_d5_D1
fcps,target,6,mst_divisive_GDunn_d5_D1
fcps,target,2,sklearn_gm
fcps,target,6,sklearn_gm
fcps,target,2,sklearn_kmeans
fcps,target,6,sklearn_kmeans
fcps,target,2,sklearn_birch_T0.01_BF50
fcps,target,6,sklearn_birch_T0.01_BF50
fcps,target,2,CalinskiHarabasz
fcps,target,6,CalinskiHarabasz
fcps,target,2,FCPS_Minimax
fcps,target,6,FCPS_Minimax
fcps,target,2,FCPS_PAM
fcps,target,6,FCPS_PAM
fcps,target,2,FCPS_Clara
fcps,target,6,FCPS_Clara
fcps,target,2,FCPS_AdaptiveDensityPeak
fcps,target,6,FCPS_AdaptiveDensityPeak
fcps,target,2,fastcluster_centroid
fcps,target,6,fastcluster_centroid
fcps,target,2,CTCEHC
fcps,target,6,CTCEHC
fcps,target,2,mst_divisive_CalinskiHarabasz
fcps,target,6,mst_divisive_CalinskiHarabasz
fcps,target,2,mst_divisive_GDunn_d2_D1
fcps,target,6,mst_divisive_GDunn_d2_D1
fcps,target,2,fastcluster_ward
fcps,target,6,fastcluster_ward
fcps,target,2,FCPS_MinEnergy
fcps,target,6,FCPS_MinEnergy
fcps,target,2,BallHall
fcps,target,6,BallHall
fcps,target,2,mst_divisive_BallHall
fcps,target,6,mst_divisive_BallHall
fcps,target,2,DaviesBouldin
fcps,target,6,DaviesBouldin
fcps,target,2,GDunn_d5_D1
fcps,target,6,GDunn_d5_D1
fcps,target,2,GDunn_d2_D1
fcps,target,6,GDunn_d2_D1
fcps,target,2,Silhouette
fcps,target,6,Silhouette
fcps,target,2,GDunn_d4_D3
fcps,target,6,GDunn_d4_D3
fcps,target,2,FCPS_Softcl
fcps,target,6,FCPS_Softcl
fcps,target,2,mst_divisive_GDunn_d3_D2
fcps,target,6,mst_divisive_GDunn_d3_D2
fcps,target,2,mst_divisive_GDunn_d4_D2
fcps,target,6,mst_divisive_GDunn_d4_D2
fcps,target,2,mst_divisive_GDunn_d4_D3
fcps,target,6,mst_divisive_GDunn_d4_D3
fcps,target,2,mst_divisive_GDunn_d5_D2
fcps,target,6,mst_divisive_GDunn_d5_D2
fcps,target,2,mst_divisive_GDunn_d3_D1
fcps,target,6,mst_divisive_GDunn_d3_D1
fcps,target,2,mst_divisive_GDunn_d4_D1
fcps,target,6,mst_divisive_GDunn_d4_D1
fcps,target,2,mst_divisive_GDunn_d5_D3
fcps,target,6,mst_divisive_GDunn_d5_D3
fcps,target,2,mst_divisive_GDunn_d2_D3
fcps,target,6,mst_divisive_GDunn_d2_D3
fcps,target,2,mst_divisive_DaviesBouldin
fcps,target,6,mst_divisive_DaviesBouldin
fcps,target,2,mst_divisive_GDunn_d3_D3
fcps,target,6,mst_divisive_GDunn_d3_D3
fcps,target,2,mst_divisive_GDunn_d2_D2
fcps,target,6,mst_divisive_GDunn_d2_D2
fcps,target,2,GDunn_d4_D2
fcps,target,6,GDunn_d4_D2
fcps,target,2,SilhouetteW
fcps,target,6,SilhouetteW
fcps,target,2,mst_divisive_SilhouetteW
fcps,target,6,mst_divisive_SilhouetteW
fcps,target,2,GDunn_d3_D3
fcps,target,6,GDunn_d3_D3
fcps,target,2,GDunn_d2_D2
fcps,target,6,GDunn_d2_D2
fcps,target,2,GDunn_d2_D3
fcps,target,6,GDunn_d2_D3
fcps,target,2,GDunn_d5_D2
fcps,target,6,GDunn_d5_D2
fcps,target,2,mst_divisive_Silhouette
fcps,target,6,mst_divisive_Silhouette
fcps,target,2,FCPS_HDBSCAN_4
fcps,target,6,FCPS_HDBSCAN_4
fcps,target,2,FCPS_HDBSCAN_8
fcps,target,6,FCPS_HDBSCAN_8
fcps,target,2,GDunn_d3_D2
fcps,target,6,GDunn_d3_D2
fcps,target,2,GDunn_d5_D3
fcps,target,6,GDunn_d5_D3
fcps,tetra,4,Genie_G0.1
fcps,tetra,4,Genie_G0.3
fcps,tetra,4,mst_divisive_DuNN_25_Mean_Mean
fcps,tetra,4,mst_divisive_Silhouette
fcps,tetra,4,GDunn_d4_D2
fcps,tetra,4,GDunn_d4_D3
fcps,tetra,4,GDunn_d5_D3
fcps,tetra,4,Silhouette
fcps,tetra,4,WCNN_25
fcps,tetra,4,mst_divisive_CalinskiHarabasz
fcps,tetra,4,mst_divisive_GDunn_d1_D2
fcps,tetra,4,mst_divisive_GDunn_d1_D3
fcps,tetra,4,mst_divisive_GDunn_d3_D2
fcps,tetra,4,mst_divisive_GDunn_d3_D3
fcps,tetra,4,mst_divisive_WCNN_25
fcps,tetra,4,mst_divisive_DuNN_25_Min_Max
fcps,tetra,4,GDunn_d3_D3
fcps,tetra,4,sklearn_kmeans
fcps,tetra,4,sklearn_spectral_Alaplacian_G5
fcps,tetra,4,sklearn_gm
fcps,tetra,4,GDunn_d4_D1
fcps,tetra,4,GDunn_d3_D2
fcps,tetra,4,FCPS_AdaptiveDensityPeak
fcps,tetra,4,DaviesBouldin
fcps,tetra,4,CalinskiHarabasz
fcps,tetra,4,BallHall
fcps,tetra,4,GDunn_d3_D1
fcps,tetra,4,FCPS_Clara
fcps,tetra,4,FCPS_Softcl
fcps,tetra,4,FCPS_Hardcl
fcps,tetra,4,FCPS_MinEnergy
fcps,tetra,4,fastcluster_weighted
fcps,tetra,4,fastcluster_median
fcps,tetra,4,fastcluster_centroid
fcps,tetra,4,ITM
fcps,tetra,4,GIc
fcps,tetra,4,Genie_G0.5
fcps,tetra,4,FCPS_PAM
fcps,tetra,4,GDunn_d2_D3
fcps,tetra,4,GDunn_d2_D2
fcps,tetra,4,GDunn_d1_D2
fcps,tetra,4,GDunn_d2_D1
fcps,tetra,4,GDunn_d1_D3
fcps,tetra,4,GDunn_d1_D1
fcps,tetra,4,fastcluster_average
fcps,tetra,4,FCPS_Minimax
fcps,tetra,4,DuNN_25_Min_Max
fcps,tetra,4,fastcluster_complete
fcps,tetra,4,fastcluster_ward
fcps,tetra,4,sklearn_birch_T0.01_BF50
fcps,tetra,4,CTCEHC
fcps,tetra,4,FCPS_Diana
fcps,tetra,4,IcA
fcps,tetra,4,mst_divisive_DuNN_25_Max_Min
fcps,tetra,4,mst_divisive_GDunn_d5_D2
fcps,tetra,4,mst_divisive_GDunn_d5_D3
fcps,tetra,4,mst_divisive_GDunn_d5_D1
fcps,tetra,4,FCPS_Fanny
fcps,tetra,4,mst_divisive_GDunn_d2_D2
fcps,tetra,4,mst_divisive_GDunn_d2_D3
fcps,tetra,4,HEMST
fcps,tetra,4,mst_divisive_GDunn_d2_D1
fcps,tetra,4,Genie_G0.7
fcps,tetra,4,DuNN_25_Max_Min
fcps,tetra,4,GDunn_d5_D2
fcps,tetra,4,GDunn_d5_D1
fcps,tetra,4,DuNN_25_Mean_Mean
fcps,tetra,4,mst_divisive_SilhouetteW
fcps,tetra,4,SilhouetteW
fcps,tetra,4,mst_divisive_DaviesBouldin
fcps,tetra,4,mst_divisive_GDunn_d4_D3
fcps,tetra,4,Genie_G1.0
fcps,tetra,4,mst_divisive_GDunn_d4_D2
fcps,tetra,4,mst_divisive_GDunn_d3_D1
fcps,tetra,4,mst_divisive_GDunn_d1_D1
fcps,tetra,4,FCPS_HDBSCAN_8
fcps,tetra,4,mst_divisive_GDunn_d4_D1
fcps,tetra,4,FCPS_HDBSCAN_4
fcps,tetra,4,mst_divisive_BallHall
fcps,tetra,4,FCPS_HDBSCAN_2
fcps,twodiamonds,2,mst_divisive_GDunn_d4_D1
fcps,twodiamonds,2,mst_divisive_WCNN_25
fcps,twodiamonds,2,mst_divisive_DaviesBouldin
fcps,twodiamonds,2,DaviesBouldin
fcps,twodiamonds,2,CalinskiHarabasz
fcps,twodiamonds,2,BallHall
fcps,twodiamonds,2,mst_divisive_GDunn_d4_D2
fcps,twodiamonds,2,mst_divisive_GDunn_d3_D2
fcps,twodiamonds,2,FCPS_PAM
fcps,twodiamonds,2,GDunn_d2_D1
fcps,twodiamonds,2,mst_divisive_BallHall
fcps,twodiamonds,2,WCNN_25
fcps,twodiamonds,2,mst_divisive_Silhouette
fcps,twodiamonds,2,SilhouetteW
fcps,twodiamonds,2,Silhouette
fcps,twodiamonds,2,mst_divisive_SilhouetteW
fcps,twodiamonds,2,mst_divisive_GDunn_d2_D1
fcps,twodiamonds,2,mst_divisive_GDunn_d2_D2
fcps,twodiamonds,2,GDunn_d4_D2
fcps,twodiamonds,2,GDunn_d4_D1
fcps,twodiamonds,2,GDunn_d3_D2
fcps,twodiamonds,2,GDunn_d3_D1
fcps,twodiamonds,2,mst_divisive_GDunn_d3_D1
fcps,twodiamonds,2,GDunn_d2_D2
fcps,twodiamonds,2,mst_divisive_CalinskiHarabasz
fcps,twodiamonds,2,FCPS_Clara
fcps,twodiamonds,2,sklearn_spectral_Alaplacian_G5
fcps,twodiamonds,2,FCPS_Softcl
fcps,twodiamonds,2,FCPS_MinEnergy
fcps,twodiamonds,2,FCPS_Hardcl
fcps,twodiamonds,2,FCPS_Fanny
fcps,twodiamonds,2,FCPS_Diana
fcps,twodiamonds,2,sklearn_gm
fcps,twodiamonds,2,sklearn_kmeans
fcps,twodiamonds,2,FCPS_AdaptiveDensityPeak
fcps,twodiamonds,2,fastcluster_ward
fcps,twodiamonds,2,mst_divisive_GDunn_d2_D3
fcps,twodiamonds,2,mst_divisive_GDunn_d3_D3
fcps,twodiamonds,2,mst_divisive_DuNN_25_Mean_Mean
fcps,twodiamonds,2,mst_divisive_GDunn_d4_D3
fcps,twodiamonds,2,mst_divisive_GDunn_d5_D3
fcps,twodiamonds,2,GDunn_d3_D3
fcps,twodiamonds,2,fastcluster_average
fcps,twodiamonds,2,fastcluster_centroid
fcps,twodiamonds,2,fastcluster_weighted
fcps,twodiamonds,2,sklearn_birch_T0.01_BF50
fcps,twodiamonds,2,GDunn_d2_D3
fcps,twodiamonds,2,GDunn_d4_D3
fcps,twodiamonds,2,DuNN_25_Mean_Mean
fcps,twodiamonds,2,GDunn_d1_D1
fcps,twodiamonds,2,CTCEHC
fcps,twodiamonds,2,FCPS_Minimax
fcps,twodiamonds,2,mst_divisive_GDunn_d1_D3
fcps,twodiamonds,2,fastcluster_median
fcps,twodiamonds,2,mst_divisive_DuNN_25_Min_Max
fcps,twodiamonds,2,mst_divisive_GDunn_d1_D1
fcps,twodiamonds,2,mst_divisive_GDunn_d1_D2
fcps,twodiamonds,2,DuNN_25_Min_Max
fcps,twodiamonds,2,ITM
fcps,twodiamonds,2,fastcluster_complete
fcps,twodiamonds,2,GDunn_d1_D2
fcps,twodiamonds,2,GDunn_d1_D3
fcps,twodiamonds,2,Genie_G0.1
fcps,twodiamonds,2,Genie_G0.3
fcps,twodiamonds,2,Genie_G0.7
fcps,twodiamonds,2,Genie_G0.5
fcps,twodiamonds,2,GIc
fcps,twodiamonds,2,HEMST
fcps,twodiamonds,2,IcA
fcps,twodiamonds,2,GDunn_d5_D1
fcps,twodiamonds,2,mst_divisive_DuNN_25_Max_Min
fcps,twodiamonds,2,DuNN_25_Max_Min
fcps,twodiamonds,2,GDunn_d5_D2
fcps,twodiamonds,2,mst_divisive_GDunn_d5_D1
fcps,twodiamonds,2,GDunn_d5_D3
fcps,twodiamonds,2,mst_divisive_GDunn_d5_D2
fcps,twodiamonds,2,FCPS_HDBSCAN_4
fcps,twodiamonds,2,Genie_G1.0
fcps,twodiamonds,2,FCPS_HDBSCAN_2
fcps,twodiamonds,2,FCPS_HDBSCAN_8
fcps,wingnut,2,Genie_G0.1
fcps,wingnut,2,mst_divisive_DuNN_25_Min_Max
fcps,wingnut,2,Genie_G0.3
fcps,wingnut,2,mst_divisive_WCNN_25
fcps,wingnut,2,mst_divisive_GDunn_d5_D3
fcps,wingnut,2,mst_divisive_GDunn_d1_D1
fcps,wingnut,2,GDunn_d1_D1
fcps,wingnut,2,GDunn_d1_D2
fcps,wingnut,2,GDunn_d1_D3
fcps,wingnut,2,WCNN_25
fcps,wingnut,2,mst_divisive_GDunn_d1_D2
fcps,wingnut,2,mst_divisive_GDunn_d4_D3
fcps,wingnut,2,mst_divisive_GDunn_d1_D3
fcps,wingnut,2,mst_divisive_GDunn_d2_D2
fcps,wingnut,2,mst_divisive_GDunn_d2_D3
fcps,wingnut,2,mst_divisive_GDunn_d3_D2
fcps,wingnut,2,mst_divisive_GDunn_d3_D3
fcps,wingnut,2,mst_divisive_GDunn_d4_D2
fcps,wingnut,2,sklearn_birch_T0.01_BF50
fcps,wingnut,2,DuNN_25_Min_Max
fcps,wingnut,2,fastcluster_complete
fcps,wingnut,2,fastcluster_centroid
fcps,wingnut,2,fastcluster_average
fcps,wingnut,2,FCPS_Minimax
fcps,wingnut,2,FCPS_MinEnergy
fcps,wingnut,2,Genie_G0.5
fcps,wingnut,2,Genie_G0.7
fcps,wingnut,2,Genie_G1.0
fcps,wingnut,2,FCPS_HDBSCAN_2
fcps,wingnut,2,FCPS_HDBSCAN_4
fcps,wingnut,2,GIc
fcps,wingnut,2,ITM
fcps,wingnut,2,mst_divisive_GDunn_d3_D1
fcps,wingnut,2,mst_divisive_GDunn_d4_D1
fcps,wingnut,2,IcA
fcps,wingnut,2,HEMST
fcps,wingnut,2,mst_divisive_GDunn_d2_D1
fcps,wingnut,2,mst_divisive_Silhouette
fcps,wingnut,2,mst_divisive_BallHall
fcps,wingnut,2,mst_divisive_CalinskiHarabasz
fcps,wingnut,2,CTCEHC
fcps,wingnut,2,GDunn_d3_D1
fcps,wingnut,2,GDunn_d4_D1
fcps,wingnut,2,mst_divisive_GDunn_d5_D1
fcps,wingnut,2,sklearn_gm
fcps,wingnut,2,CalinskiHarabasz
fcps,wingnut,2,BallHall
fcps,wingnut,2,sklearn_kmeans
fcps,wingnut,2,FCPS_Softcl
fcps,wingnut,2,FCPS_Hardcl
fcps,wingnut,2,GDunn_d4_D2
fcps,wingnut,2,GDunn_d3_D2
fcps,wingnut,2,GDunn_d2_D2
fcps,wingnut,2,Silhouette
fcps,wingnut,2,FCPS_Diana
fcps,wingnut,2,GDunn_d4_D3
fcps,wingnut,2,sklearn_spectral_Alaplacian_G5
fcps,wingnut,2,GDunn_d3_D3
fcps,wingnut,2,FCPS_PAM
fcps,wingnut,2,FCPS_Clara
fcps,wingnut,2,FCPS_Fanny
fcps,wingnut,2,GDunn_d2_D3
fcps,wingnut,2,GDunn_d5_D3
fcps,wingnut,2,FCPS_AdaptiveDensityPeak
fcps,wingnut,2,fastcluster_ward
fcps,wingnut,2,fastcluster_weighted
fcps,wingnut,2,GDunn_d2_D1
fcps,wingnut,2,fastcluster_median
fcps,wingnut,2,GDunn_d5_D2
fcps,wingnut,2,mst_divisive_DuNN_25_Mean_Mean
fcps,wingnut,2,mst_divisive_DuNN_25_Max_Min
fcps,wingnut,2,GDunn_d5_D1
fcps,wingnut,2,DuNN_25_Max_Min
fcps,wingnut,2,mst_divisive_SilhouetteW
fcps,wingnut,2,mst_divisive_DaviesBouldin
fcps,wingnut,2,SilhouetteW
fcps,wingnut,2,DaviesBouldin
fcps,wingnut,2,mst_divisive_GDunn_d5_D2
fcps,wingnut,2,FCPS_HDBSCAN_8
fcps,wingnut,2,DuNN_25_Mean_Mean
